{"count":1,"results":[{"id":1,"title":"None","route":"index","content":"<div class=\"row\">\r\n    <div class=\"col-md-6 offset-md-3\">\r\n        <img class=\"w-100 mx-auto d-block\" style=\"max-width: 250px;padding: 50px;padding-top: 14vh;\" src=\"/files/75ff6ee788bf97a6439ef79ba30a2b7f/logo_immagine.png\" />\r\n        <h3 class=\"text-center\">\r\n            <p>A cool CTF platform from <a href=\"https://ctfd.io\">ctfd.io</a></p>\r\n            <p>Follow us on social media:</p>\r\n            <a href=\"https://twitter.com/ctfdio\"><i class=\"fab fa-twitter fa-2x\" aria-hidden=\"true\"></i></a>&nbsp;\r\n            <a href=\"https://facebook.com/ctfdio\"><i class=\"fab fa-facebook fa-2x\" aria-hidden=\"true\"></i></a>&nbsp;\r\n            <a href=\"https://github.com/ctfd\"><i class=\"fab fa-github fa-2x\" aria-hidden=\"true\"></i></a>\r\n        </h3>\r\n        <br>\r\n        <h4 class=\"text-center\">\r\n            <a href=\"admin\">Click here</a> to login and setup your CTF\r\n        </h4>\r\n    </div>\r\n</div>","draft":false,"hidden":false,"auth_required":false,"format":"markdown"}],"meta":{}}